{"4":[0.008,0.852567681761511,0.4177347505004743,8.0E-5,3.673547263198003E-4,4,100,0],"5":[0.008,0.9639694778187493,0.39957786068888523,8.0E-5,2.726599243442905E-4,5,100,0],"6":[0.008,1.0029034323355805,0.3954383660166415,8.0E-5,2.726599243442904E-4,6,100,0],"7":[0.007,1.053974183864382,0.37164344873069377,7.000000000000001E-5,2.564323999762426E-4,7,100,0],"8":[0.005,1.0204580719216925,0.3790873842446924,5.0E-5,2.1904291355759038E-4,8,100,0],"9":[0.007,1.0778305352212467,0.33447064742298904,7.000000000000001E-5,2.564323999762427E-4,9,100,0],"10":[0.005,1.0997656728699596,0.39909349119630316,5.0E-5,2.190429135575904E-4,10,100,0],"11":[0.002,1.1504966111677812,0.3368313937293948,2.0E-5,1.407052941362898E-4,11,100,0],"12":[0.001,1.1473251955583335,0.32430434675801306,1.0E-5,1.0E-4,12,100,0],"13":[0.002,1.1982116604522741,0.27788695803364405,2.0E-5,1.4070529413628976E-4,13,100,0],"14":[0.002,1.1579763522361677,0.30969388916006063,2.0E-5,1.4070529413628974E-4,14,100,0],"15":[0.002,1.1348158170833296,0.320040711318079,2.0E-5,1.4070529413628974E-4,15,100,0],"16":[0.002,1.1567594378009676,0.2755150738435318,2.0E-5,1.4070529413628976E-4,16,100,0],"17":[0.003,1.1388687089846536,0.26601375232618113,3.0E-5,1.7144660799776516E-4,17,100,0],"18":[0.002,1.144811373790718,0.26482390423486635,2.0E-5,1.4070529413628976E-4,18,100,0],"19":[0.003,1.1676317419180702,0.2868829899445558,3.0E-5,1.714466079977652E-4,19,100,0],"20":[0.003,1.1780525552470948,0.2727753179561224,3.0E-5,1.7144660799776516E-4,20,100,0],"21":[0.004,1.1773012804495337,0.3289878540667232,4.0E-5,1.969463855669325E-4,21,100,0],"22":[0.003,1.2101319347527912,0.2860279779779656,3.0E-5,1.7144660799776513E-4,22,100,0],"23":[0.004,1.1713704777521583,0.2510913301433293,4.0E-5,1.9694638556693247E-4,23,100,0],"24":[0.004,1.2080504359467188,0.26322092119259344,4.0E-5,1.969463855669325E-4,24,100,0],"25":[0.004,1.1291182843326453,0.24795826096385304,4.0E-5,1.969463855669325E-4,25,100,0],"26":[0.005,1.1774078853152559,0.2221815601123795,5.0E-5,2.190429135575904E-4,26,100,0],"27":[0.005,1.1823546965235965,0.2545495431586214,5.0E-5,2.1904291355759044E-4,27,100,0],"28":[0.005,1.1792331410714985,0.22599689598532519,5.0E-5,2.190429135575904E-4,28,100,0],"29":[0.006,1.2006844757442243,0.22059395123016662,6.0E-5,2.3868325657594203E-4,29,100,0],"30":[0.007,1.1941251879674935,0.24302311177070487,7.000000000000001E-5,2.5643239997624273E-4,30,100,0],"31":[0.008,1.1467357919619603,0.20157969474289295,8.0E-5,2.7265992434429053E-4,31,100,0],"32":[0.007,1.1588186346653828,0.2104167595703928,7.000000000000001E-5,2.9318866956210276E-4,32,100,0],"33":[0.005,1.207027778324129,0.22155876434843136,5.0E-5,2.190429135575904E-4,33,100,0],"34":[0.006,1.1727888699450988,0.19902933416640353,6.0E-5,2.3868325657594203E-4,34,100,0],"35":[0.006,1.209599921448414,0.21741307620305222,6.0E-5,2.3868325657594206E-4,35,100,0],"36":[0.007,1.154616086577693,0.1726432120108424,7.000000000000001E-5,2.564323999762427E-4,36,100,0],"37":[0.007,1.1909465774917984,0.206100534611389,7.000000000000001E-5,2.5643239997624273E-4,37,100,0],"38":[0.008,1.1925413504921822,0.24074072810290187,8.0E-5,2.7265992434429053E-4,38,100,0],"39":[0.01,1.1804998364547332,0.22676132214302436,1.0000000000000002E-4,3.333333333333332E-4,39,100,0],"40":[0.008,1.1815774940462798,0.1936816029416115,8.0E-5,2.726599243442905E-4,40,100,0],"41":[0.009,1.202179394596645,0.19653258532130952,9.0E-5,2.8762349126466126E-4,41,100,0],"42":[0.008,1.1693712853315363,0.1724912618784617,8.0E-5,2.726599243442905E-4,42,100,0],"43":[0.009,1.2138484361730384,0.20624460664495733,9.0E-5,2.876234912646613E-4,43,100,0],"44":[0.01,1.196231194374205,0.18176906179220725,1.0000000000000002E-4,3.0151134457776353E-4,44,100,0],"45":[0.012,1.1725109388720842,0.19900169491228006,1.2000000000000004E-4,3.56186309210063E-4,45,100,0],"46":[0.011,1.144281916437992,0.18627750349890126,1.1000000000000003E-4,3.1446603773522007E-4,46,100,0],"47":[0.011,1.1958756806305113,0.17999321104923766,1.1000000000000003E-4,3.1446603773522007E-4,47,100,0],"48":[0.012,1.1972702998800062,0.16034033457552313,1.2000000000000004E-4,3.2659863237109027E-4,48,100,0],"49":[0.014,1.2005818450934977,0.19464750844564888,1.4000000000000001E-4,4.2687494916219E-4,49,100,0],"50":[0.012,1.2006652796403245,0.17806678613351176,1.2000000000000004E-4,3.265986323710902E-4,50,100,0],"51":[0.013,1.1990074400871713,0.18324339399434272,1.3000000000000004E-4,3.3799766898963093E-4,51,100,0],"52":[0.013,1.2156738266101754,0.1703049721971854,1.3000000000000004E-4,3.37997668989631E-4,52,100,0],"53":[0.02,1.1838011200430438,0.1587140566499325,2.0000000000000006E-4,6.030226891555272E-4,53,100,0],"54":[0.022,1.1916555874102779,0.18859845954982607,2.2000000000000012E-4,4.1633319989322633E-4,54,100,0],"55":[0.022,1.1999781906426243,0.1664598180072826,2.2000000000000012E-4,4.163331998932264E-4,55,100,0],"56":[0.023,1.160323773213721,0.17140600002968806,2.3000000000000014E-4,4.2295258468165095E-4,56,100,0],"57":[0.025,1.2026020721916306,0.1848039665292773,2.5000000000000017E-4,5.000000000000008E-4,57,100,0],"58":[0.017,1.2045348109507805,0.17799521852043762,1.700000000000001E-4,3.775251680686371E-4,58,100,0],"59":[0.018,1.1993953488868356,0.14905097506199216,1.800000000000001E-4,3.8612291966536906E-4,59,100,0],"60":[0.02,1.2016674095158384,0.16503348966118273,2.0000000000000012E-4,4.020151261036848E-4,60,100,0],"61":[0.019,1.178172374437951,0.15486986454747023,1.900000000000001E-4,3.942772444036625E-4,61,100,0],"62":[0.023,1.2095232668868405,0.1605366694441098,2.300000000000001E-4,4.893822120745192E-4,62,100,0],"63":[0.022,1.1845411855288441,0.15067441390921285,2.2000000000000012E-4,4.1633319989322633E-4,63,100,0],"64":[0.022,1.2147908532295049,0.15965124334999,2.2000000000000012E-4,4.1633319989322633E-4,64,100,0],"65":[0.022,1.1799631445760197,0.13907583092257697,2.2000000000000012E-4,4.163331998932264E-4,65,100,0],"66":[0.024,1.1598778031453767,0.16057331896235508,2.4000000000000014E-4,4.2923469599092756E-4,66,100,0],"67":[0.03,1.2025884967057718,0.1694170803084954,3.000000000000002E-4,4.6056618647183866E-4,67,100,0],"68":[0.035,1.203946275209523,0.1527598933201439,3.5000000000000027E-4,4.7937248544110245E-4,68,100,0],"69":[0.036,1.177795491666007,0.14767842458674704,3.5000000000000027E-4,4.793724854411024E-4,69,100,0],"70":[0.036,1.198254449622938,0.1524616678021433,3.6000000000000024E-4,4.8241815132442166E-4,70,100,0],"71":[0.039,1.162396445188348,0.14763188048192918,3.900000000000002E-4,8.151965741742633E-4,71,100,0],"72":[0.028,1.2128600282525037,0.15830240346789443,2.800000000000002E-4,4.512608598542129E-4,72,100,0],"73":[0.029,1.186152697413374,0.1470471495107235,2.9000000000000016E-4,4.5604802157206875E-4,73,100,0],"74":[0.03,1.2126731048416226,0.16034881329352976,3.000000000000002E-4,4.6056618647183876E-4,74,100,0],"75":[0.03,1.2181341793849843,0.15100397936171706,3.000000000000002E-4,4.6056618647183876E-4,75,100,0],"76":[0.032,1.1932263705083477,0.1485918676027984,3.200000000000002E-4,4.688261722621511E-4,76,100,0],"77":[0.032,1.1793419079201315,0.15011431460281635,3.200000000000002E-4,4.688261722621511E-4,77,100,0],"78":[0.037,1.1898120410552695,0.14464792283225836,3.7000000000000027E-4,5.441145155760922E-4,78,100,0],"79":[0.036,1.1703622368895905,0.126771725203497,3.6000000000000024E-4,4.8241815132442166E-4,79,100,0],"80":[0.037,1.2264198740469492,0.15144078333789168,3.7000000000000027E-4,4.8523658709390935E-4,80,100,0],"81":[0.038,1.1866226394018593,0.1394677192267712,3.800000000000003E-4,4.878317312145634E-4,81,100,0],"82":[0.039,1.1948236328812962,0.15079540048314405,3.9000000000000026E-4,4.902071300001973E-4,82,100,0],"83":[0.042,1.2044713647534788,0.13173639729120973,4.200000000000003E-4,4.960449637488582E-4,83,100,0],"84":[0.056,1.180647851535718,0.1502521669525946,5.600000000000004E-4,4.988876515698589E-4,84,100,0],"85":[0.056,1.185467192478043,0.12494051762378243,5.600000000000004E-4,4.988876515698589E-4,85,100,0],