{"4":[0.001,0.5702629290545425,0.23951392771411698,1.0E-5,1.0E-4,4,100,2],"5":[0.001,0.6744578609075097,0.27603833994730914,1.0E-5,1.0000000000000003E-4,5,100,2],"6":[0.003,0.7742010970821362,0.2831568894819496,3.0E-5,1.714466079977652E-4,6,100,2],"7":[0.004,0.7885084507861315,0.2553641954030721,4.0E-5,1.969463855669325E-4,7,100,2],"8":[0.001,0.7471345782837485,0.25716192047953457,1.0E-5,1.0E-4,8,100,2],"9":[0.002,0.7749247620703653,0.24133226416352674,2.0E-5,1.407052941362898E-4,9,100,2],"10":[0.002,0.8810849221308028,0.25990009843781,2.0E-5,1.407052941362898E-4,10,100,2],"11":[0.002,0.8986757945388523,0.23294587995189137,2.0E-5,1.4070529413628974E-4,11,100,2],"12":[0.006,0.940982336146404,0.2330998962706699,6.0E-5,2.38683256575942E-4,12,100,2],"13":[0.003,0.897972929063923,0.19637338551256642,3.0E-5,1.7144660799776513E-4,13,100,2],"14":[0.002,0.9077903412745225,0.23081971365763956,2.0E-5,1.407052941362898E-4,14,100,2],"15":[0.003,0.901150065038559,0.19172046885937294,3.0E-5,1.714466079977652E-4,15,100,2],"16":[0.003,0.9355059761993687,0.22571673961885233,3.0E-5,1.7144660799776518E-4,16,100,2],"17":[0.004,0.9708354628400211,0.2489094953847655,4.0E-5,1.969463855669325E-4,17,100,2],"18":[0.004,0.9400488703368436,0.20831076508068527,4.0E-5,1.969463855669325E-4,18,100,2],"19":[0.005,0.9799833430727254,0.20283249379936427,5.0E-5,2.190429135575904E-4,19,100,2],"20":[0.006,0.9982972410890604,0.2037265613621136,6.0E-5,2.3868325657594203E-4,20,100,2],"21":[0.006,0.9573945658854695,0.18278103567048712,6.0E-5,2.3868325657594203E-4,21,100,2],"22":[0.006,1.0029452347173677,0.20436520400550548,6.0E-5,2.3868325657594208E-4,22,100,2],"23":[0.008,0.9752666030689978,0.22080535722581346,7.000000000000001E-5,2.564323999762427E-4,23,100,2],"24":[0.008,0.9970861758905353,0.1901536828432589,8.0E-5,2.7265992434429053E-4,24,100,2],"25":[0.008,1.0078280451344712,0.18629115103698737,8.0E-5,2.726599243442905E-4,25,100,2],"26":[0.01,1.0161383297296056,0.1830908012119508,1.0000000000000002E-4,3.0151134457776353E-4,26,100,2],"27":[0.01,1.0263187475605995,0.1500457171052585,1.0000000000000002E-4,3.0151134457776353E-4,27,100,2],"28":[0.011,1.0153097810634217,0.17658044713338444,1.1000000000000003E-4,3.1446603773522E-4,28,100,2],"29":[0.012,0.9817162713211477,0.17816456905667766,1.2000000000000004E-4,3.2659863237109027E-4,29,100,2],"30":[0.012,1.0192645553065471,0.1803918651422379,1.2000000000000004E-4,3.265986323710902E-4,30,100,2],"31":[0.013,1.0176285900387239,0.18920940788393426,1.3000000000000004E-4,3.37997668989631E-4,31,100,2],"32":[0.015,1.0083217689128616,0.17687837090706993,1.5000000000000007E-4,3.5887028128263695E-4,32,100,2],"33":[0.015,1.041143404653729,0.17935895412558422,1.5000000000000007E-4,3.5887028128263695E-4,33,100,2],"34":[0.016,1.0597381654235458,0.18307855594388234,1.6000000000000007E-4,3.6845294917747085E-4,34,100,2],"35":[0.017,1.0511683822256743,0.15346400445055422,1.700000000000001E-4,3.7752516806863705E-4,35,100,2],"36":[0.018,1.052210744341557,0.1815047345046135,1.800000000000001E-4,3.8612291966536906E-4,36,100,2],"37":[0.02,1.0645687681268041,0.15257590664304066,2.0000000000000012E-4,4.020151261036849E-4,37,100,2],"38":[0.02,1.0432742990622874,0.15670283316255126,2.0000000000000012E-4,4.020151261036848E-4,38,100,2],"39":[0.021,1.0880514680208895,0.16687750577101973,2.1000000000000012E-4,4.0936018074033226E-4,39,100,2],"40":[0.023,1.0650503944179992,0.1588063955897736,2.3000000000000014E-4,4.2295258468165095E-4,40,100,2],"41":[0.025,1.0793979951321218,0.19072494760724015,2.5000000000000017E-4,4.3519413988924474E-4,41,100,2],"42":[0.026,1.0431830569459015,0.16918511607764994,2.6000000000000014E-4,4.408440022768082E-4,42,100,2],"43":[0.027,1.0705179166426733,0.1561956358866744,2.7000000000000017E-4,4.4619604333847386E-4,43,100,2],"44":[0.029,1.0887353184322837,0.17241515753375325,2.9000000000000016E-4,4.560480215720688E-4,44,100,2],"45":[0.031,1.0728259189766303,0.15966066815994812,3.100000000000002E-4,4.6482319871173213E-4,45,100,2],"46":[0.032,1.101303588643521,0.154143661794488,3.200000000000002E-4,4.688261722621511E-4,46,100,2],"47":[0.036,1.0935203056777245,0.1615489554440576,3.6000000000000024E-4,5.029207620781755E-4,47,100,2],"48":[0.036,1.0756405988751185,0.16817298985930165,3.6000000000000024E-4,4.8241815132442166E-4,48,100,2],"49":[0.038,1.0850719511365927,0.15009492102803265,3.800000000000003E-4,4.878317312145634E-4,49,100,2],"50":[0.043,1.0834006681621453,0.13387876532346735,4.300000000000003E-4,4.975698519562429E-4,50,100,2],"51":[0.04,1.1098945510538014,0.16068672008914217,4.000000000000003E-4,4.923659639173314E-4,51,100,2],"52":[0.041,1.0948328376907508,0.15358470722033213,4.100000000000003E-4,4.943110704237104E-4,52,100,2],"53":[0.044,1.0911267547892396,0.14742642521168653,4.4000000000000034E-4,4.988876515698592E-4,53,100,2],"54":[0.046,1.0999112736082208,0.16174526907595405,4.6000000000000034E-4,5.009082659620328E-4,54,100,2],"55":[0.048,1.117744843738956,0.1270185271986203,4.8000000000000034E-4,5.021167315686784E-4,55,100,2],"56":[0.05,1.0813670515926894,0.1199129691770319,5.000000000000003E-4,5.025189076296058E-4,56,100,2],"57":[0.051,1.132435601531058,0.14280601715782643,5.100000000000004E-4,5.024183937956919E-4,57,100,2],"58":[0.058,1.108423413184636,0.1512456197962231,5.800000000000004E-4,5.537749241945382E-4,58,100,2],"59":[0.057,1.1007522749582876,0.14435488216496403,5.700000000000004E-4,4.975698519562428E-4,59,100,2],"60":[0.06,1.0933937240435934,0.13978337868191082,6.000000000000005E-4,4.923659639173305E-4,60,100,2],"61":[0.063,1.1019075093554311,0.13260164761039864,6.300000000000005E-4,4.8523658709390957E-4,61,100,2],"62":[0.065,1.1062330860621805,0.14513728565438608,6.500000000000004E-4,4.7937248544110245E-4,62,100,2],"63":[0.067,1.1083983614419965,0.13853343166306645,6.700000000000005E-4,4.7258156262526064E-4,63,100,2],"64":[0.071,1.0876545263685231,0.13269255400739913,7.100000000000005E-4,4.5604802157206897E-4,64,100,2],"65":[0.072,1.123304136581897,0.1493443441451302,7.200000000000005E-4,4.512608598542128E-4,65,100,2],"66":[0.076,1.1157688653782079,0.12890958763918026,7.600000000000006E-4,4.521553322083513E-4,66,100,2],"67":[0.078,1.1085469757374256,0.13934746589072777,7.800000000000005E-4,4.1633319989322655E-4,67,100,2],"68":[0.081,1.1302053070442417,0.1497214300222077,8.100000000000006E-4,3.942772444036624E-4,68,100,2],"69":[0.084,1.1224577904879056,0.13034587963194472,8.400000000000006E-4,3.684529491774709E-4,69,100,2],"70":[0.087,1.115489592901207,0.1201326942900049,8.700000000000007E-4,3.3799766898963104E-4,70,100,2],"71":[0.089,1.107063390238951,0.1360692417826361,8.900000000000006E-4,3.144660377352202E-4,71,100,2],"72":[0.093,1.1258753311598517,0.11850602104689432,9.300000000000007E-4,2.931886695621029E-4,72,100,2],"73":[0.095,1.1133064532914856,0.15000574094723076,9.500000000000008E-4,2.611164839335465E-4,73,100,2],"74":[0.099,1.1355765182809143,0.1403793614348394,9.900000000000006E-4,1.0000000000000003E-4,74,100,2],"75":[0.101,1.1191764738984078,0.13745661954071178,0.0010100000000000007,1.7378728435078414E-4,75,100,2],"76":[0.106,1.117623922969203,0.14327796126619308,0.0010600000000000008,2.3868325657594222E-4,76,100,2],"77":[0.11,1.1095778285613445,0.1274090606100706,0.001100000000000001,3.8924947208076135E-4,77,100,2],"78":[0.11,1.1164859582865685,0.12439679377693998,0.001100000000000001,3.0151134457776337E-4,78,100,2],"79":[0.113,1.1269666070135924,0.12991104435726092,0.0011300000000000008,3.379976689896308E-4,79,100,2],"80":[0.116,1.1175768476394519,0.11069054111985185,0.0011600000000000009,3.6845294917747063E-4,80,100,2],"81":[0.123,1.1322222114070737,0.1207789084389402,0.001230000000000001,4.4619604333847397E-4,81,100,2],"82":[0.126,1.1141959451260603,0.13104470981223837,0.001260000000000001,4.4084400227680783E-4,82,100,2],"83":[0.126,1.1308032487002782,0.11867256187311723,0.001260000000000001,4.408440022768079E-4,83,100,2],