{"4":[0.0,0.8001175820102295,0.3608164182894589,0.0,0.0,4,100,4],"5":[0.0,0.9518617579174165,0.3484171220434777,0.0,0.0,5,100,4],"6":[0.0,1.0001306151916676,0.3306948261470586,0.0,0.0,6,100,4],"7":[0.001,0.9502386172315539,0.32558720593161206,1.0E-5,1.0000000000000003E-4,7,100,4],"8":[0.001,1.0080211644689576,0.36900678218157684,1.0E-5,1.0000000000000003E-4,8,100,4],"9":[0.002,0.9954331553559981,0.34928587921700865,2.0E-5,1.407052941362898E-4,9,100,4],"10":[0.001,1.0817881737766166,0.3762996181426525,1.0E-5,1.0E-4,10,100,4],"11":[0.002,1.099023220373099,0.3459100638599257,2.0E-5,1.407052941362898E-4,11,100,4],"12":[0.003,1.100711934942244,0.3232088225963242,3.0E-5,1.7144660799776507E-4,12,100,4],"13":[0.003,1.047746731299394,0.28081237385113395,3.0E-5,1.7144660799776518E-4,13,100,4],"14":[0.003,1.0709684881355122,0.30005692344600554,3.0E-5,1.7144660799776516E-4,14,100,4],"15":[0.004,1.1196026595605078,0.33192226092349786,4.0E-5,1.969463855669325E-4,15,100,4],"16":[0.004,1.156035709121518,0.3124228704703419,4.0E-5,1.969463855669325E-4,16,100,4],"17":[0.005,1.1435331751809652,0.2824822205720358,5.0E-5,2.190429135575904E-4,17,100,4],"18":[0.006,1.167692272763004,0.28820058807784027,6.0E-5,2.3868325657594203E-4,18,100,4],"19":[0.006,1.1433453203301964,0.2573789100435142,6.0E-5,2.3868325657594206E-4,19,100,4],"20":[0.007,1.2062713318223695,0.27909646667441845,7.000000000000001E-5,2.564323999762427E-4,20,100,4],"21":[0.008,1.1599477179767508,0.26527163816796884,8.0E-5,2.726599243442905E-4,21,100,4],"22":[0.008,1.1286860802372656,0.24799807295792464,8.0E-5,2.726599243442905E-4,22,100,4],"23":[0.009,1.1310889088389406,0.25151674555099734,9.0E-5,2.876234912646614E-4,23,100,4],"24":[0.01,1.1595386954536158,0.24669218503995383,1.0000000000000002E-4,3.0151134457776353E-4,24,100,4],"25":[0.011,1.1490566737528745,0.23504231576197399,1.1000000000000003E-4,3.1446603773522E-4,25,100,4],"26":[0.012,1.1695335507129905,0.24243504507554337,1.2000000000000004E-4,3.2659863237109027E-4,26,100,4],"27":[0.013,1.1875316160686646,0.2598216966375471,1.3000000000000004E-4,3.37997668989631E-4,27,100,4],"28":[0.013,1.1679954338378296,0.24049792241176354,1.3000000000000004E-4,3.3799766898963093E-4,28,100,4],"29":[0.015,1.179007278385417,0.24813778625297891,1.5000000000000007E-4,3.5887028128263695E-4,29,100,4],"30":[0.016,1.178608815710369,0.20919277887457055,1.6000000000000007E-4,3.6845294917747085E-4,30,100,4],"31":[0.017,1.171730284212184,0.2225325747828953,1.700000000000001E-4,3.775251680686371E-4,31,100,4],"32":[0.017,1.218246839734431,0.24632288697328186,1.700000000000001E-4,3.775251680686371E-4,32,100,4],"33":[0.02,1.152279436230572,0.2074701100289561,2.0000000000000012E-4,4.020151261036848E-4,33,100,4],"34":[0.024,1.14511224957885,0.18510953997473617,2.4000000000000014E-4,4.5215533220835103E-4,34,100,4],"35":[0.022,1.198644480166654,0.20727871380043789,2.2000000000000012E-4,4.163331998932264E-4,35,100,4],"36":[0.024,1.198285762012669,0.18519270686678638,2.4000000000000014E-4,4.2923469599092756E-4,36,100,4],"37":[0.024,1.1908654763766302,0.18512669680933272,2.4000000000000014E-4,4.292346959909276E-4,37,100,4],"38":[0.026,1.1717710404730455,0.21812333081677202,2.6000000000000014E-4,4.408440022768082E-4,38,100,4],"39":[0.027,1.1820336488173322,0.20744725542456216,2.7000000000000017E-4,4.4619604333847386E-4,39,100,4],"40":[0.03,1.181426563423649,0.18737210617291294,3.000000000000002E-4,4.6056618647183876E-4,40,100,4],"41":[0.031,1.1836368493328486,0.19871105493967586,3.100000000000002E-4,4.6482319871173213E-4,41,100,4],"42":[0.032,1.1821940069218975,0.19157492031615778,3.200000000000002E-4,4.688261722621511E-4,42,100,4],"43":[0.034,1.1985290669818875,0.19948901397798036,3.4000000000000024E-4,4.7609522856952296E-4,43,100,4],"44":[0.036,1.1966053040982547,0.18741305980723358,3.6000000000000024E-4,4.8241815132442166E-4,44,100,4],"45":[0.041,1.1608508975161833,0.19483135472846974,4.100000000000002E-4,5.522223238420328E-4,45,100,4],"46":[0.041,1.1779810971196454,0.15300047979117073,4.100000000000003E-4,4.943110704237104E-4,46,100,4],"47":[0.042,1.188824037370734,0.2021995738561703,4.200000000000003E-4,4.960449637488582E-4,47,100,4],"48":[0.045,1.2127871844176703,0.16703800016173376,4.500000000000003E-4,4.999999999999998E-4,48,100,4],"49":[0.048,1.1682766787905756,0.16954582012335426,4.8000000000000034E-4,5.021167315686784E-4,49,100,4],"50":[0.051,1.187135106516132,0.18409968802115678,5.100000000000004E-4,5.024183937956919E-4,50,100,4],"51":[0.052,1.192525842181916,0.16565443443137118,5.200000000000004E-4,5.021167315686784E-4,51,100,4],"52":[0.061,1.2102859005417086,0.16932554993319823,6.100000000000005E-4,5.485518124198393E-4,52,100,4],"53":[0.057,1.2197559183299669,0.15858401327777136,5.700000000000004E-4,4.975698519562429E-4,53,100,4],"54":[0.059,1.2040501245451236,0.1569614144534441,5.900000000000005E-4,4.943110704237104E-4,54,100,4],"55":[0.063,1.2133828572445846,0.15412305165077342,6.300000000000005E-4,4.8523658709390957E-4,55,100,4],"56":[0.065,1.186145252836517,0.17091577697909535,6.500000000000004E-4,4.793724854411025E-4,56,100,4],"57":[0.068,1.2064249014351842,0.17250550993059988,6.700000000000005E-4,4.7258156262526064E-4,57,100,4],"58":[0.072,1.1923384482907629,0.16797913749509935,7.200000000000005E-4,4.731156136066359E-4,58,100,4],"59":[0.073,1.2147600461204473,0.17033072915598535,7.300000000000005E-4,4.461960433384736E-4,59,100,4],"60":[0.076,1.2056743076151664,0.16825946173938858,7.600000000000006E-4,4.292346959909279E-4,60,100,4],"61":[0.079,1.2128081125644306,0.16706158202843294,7.900000000000006E-4,4.093601807403326E-4,61,100,4],"62":[0.091,1.1860165580299773,0.16747337971246462,9.100000000000007E-4,5.522223238420332E-4,62,100,4],"63":[0.085,1.1856372479990438,0.14948571491707183,8.500000000000006E-4,3.5887028128263695E-4,63,100,4],"64":[0.088,1.2069305707126632,0.14872099382811174,8.800000000000007E-4,3.265986323710903E-4,64,100,4],"65":[0.09,1.2008394516379137,0.14942500327298808,9.000000000000006E-4,3.0151134457776364E-4,65,100,4],"66":[0.094,1.1975101903092567,0.14168693057985665,9.400000000000007E-4,3.4289321599553026E-4,66,100,4],"67":[0.098,1.2024925251684624,0.14872490758485787,9.800000000000008E-4,1.4070529413628987E-4,67,100,4],"68":[0.101,1.2221753700929827,0.15724211868148863,0.0010100000000000007,9.999999999999999E-5,68,100,4],"69":[0.109,1.1969346692424119,0.15515207733557948,0.001090000000000001,3.5090071691479E-4,69,100,4],"70":[0.108,1.1875603876343082,0.14288945252976462,0.0010700000000000009,2.564323999762425E-4,70,100,4],"71":[0.114,1.2134322474852803,0.13473190411467661,0.0011400000000000008,4.499158170416357E-4,71,100,4],"72":[0.115,1.2023127479630724,0.14030000853234495,0.0011500000000000008,3.588702812826366E-4,72,100,4],"73":[0.116,1.2048787507454133,0.1516467920033869,0.0011600000000000009,3.6845294917747063E-4,73,100,4],"74":[0.121,1.1931469232747853,0.1468077910744887,0.001210000000000001,4.3333333333333353E-4,74,100,4],"75":[0.122,1.1948970661509706,0.13511346960457257,0.001220000000000001,4.1633319989322693E-4,75,100,4],"76":[0.132,1.1671334445463932,0.1522349890794897,0.0013200000000000009,4.898979485566357E-4,76,100,4],"77":[0.132,1.2115947325005434,0.1454163195701591,0.0013200000000000009,4.688261722621508E-4,77,100,4],"78":[0.141,1.1974831671407349,0.13149005244189302,0.001400000000000001,5.504818825631805E-4,78,100,4],"79":[0.143,1.2169393825452794,0.14681581314844397,0.001430000000000001,4.975698519562431E-4,79,100,4],"80":[0.149,1.2041608354393105,0.17241537221405928,0.001490000000000001,6.112580172368812E-4,80,100,4],"81":[0.148,1.2131076327160732,0.11670340910713918,0.001480000000000001,5.021167315686782E-4,81,100,4],"82":[0.169,1.2017133237453062,0.14439101253117656,0.0016900000000000012,0.0010219312277954115,82,100,4],"83":[0.158,1.2100961155690433,0.13752958120725683,0.001580000000000001,4.960449637488586E-4,83,100,4],"84":[0.173,1.2005507717623123,0.14660024769463234,0.0017300000000000013,6.644660649838721E-4,84,100,4],