{"4":[0.0,0.7656795737730754,0.31632691157122433,0.0,0.0,4,100,3],"5":[0.001,0.7940730575704511,0.29389306153093187,1.0E-5,1.0000000000000003E-4,5,100,3],"6":[0.0,0.9318644763181908,0.32144780068312756,0.0,0.0,6,100,3],"7":[0.001,0.9634730271334753,0.3112356899723508,1.0E-5,1.0000000000000003E-4,7,100,3],"8":[0.001,1.0224075108010036,0.2844696354900819,1.0E-5,1.0000000000000003E-4,8,100,3],"9":[0.001,0.9989453194340174,0.3141200415849599,1.0E-5,1.0000000000000003E-4,9,100,3],"10":[0.002,1.0475419751561863,0.29209353375030844,2.0E-5,1.407052941362898E-4,10,100,3],"11":[0.002,1.0267600958995637,0.2854862106136433,2.0E-5,1.4070529413628976E-4,11,100,3],"12":[0.002,1.0280830572116881,0.28305156108264573,2.0E-5,1.4070529413628976E-4,12,100,3],"13":[0.002,1.0310843531620637,0.26831349569077034,2.0E-5,1.407052941362898E-4,13,100,3],"14":[0.002,1.0271191238273436,0.27409984697645556,2.0E-5,1.4070529413628974E-4,14,100,3],"15":[0.004,1.1047570548633407,0.25645101196030906,4.0E-5,1.969463855669325E-4,15,100,3],"16":[0.004,1.116646215317131,0.24725511352847954,4.0E-5,1.969463855669325E-4,16,100,3],"17":[0.004,1.132921000391037,0.2610861928435257,4.0E-5,1.969463855669325E-4,17,100,3],"18":[0.005,1.1787083560608125,0.2615592116436412,5.0E-5,2.190429135575904E-4,18,100,3],"19":[0.006,1.1346508689865265,0.2385878096479954,6.0E-5,2.3868325657594203E-4,19,100,3],"20":[0.006,1.1264468191581534,0.23404789315378074,6.0E-5,2.3868325657594203E-4,20,100,3],"21":[0.011,1.1860496456394414,0.2662037867338807,1.1000000000000003E-4,4.691492407550181E-4,21,100,3],"22":[0.008,1.1288749569224243,0.26223727229900506,8.0E-5,2.726599243442905E-4,22,100,3],"23":[0.009,1.1558027380345017,0.2571827109470004,9.0E-5,2.8762349126466126E-4,23,100,3],"24":[0.008,1.1774646388049392,0.2287351582230817,8.0E-5,2.726599243442905E-4,24,100,3],"25":[0.009,1.1421156682097213,0.2261167298023756,9.0E-5,2.8762349126466136E-4,25,100,3],"26":[0.01,1.1561462302730743,0.26617579473688147,1.0000000000000002E-4,3.0151134457776353E-4,26,100,3],"27":[0.011,1.1517493192136543,0.2420889226465326,1.1000000000000003E-4,3.1446603773522E-4,27,100,3],"28":[0.012,1.1566144590753884,0.2572734075922954,1.2000000000000004E-4,3.265986323710902E-4,28,100,3],"29":[0.013,1.1240159963183083,0.20604117425424012,1.3000000000000004E-4,3.3799766898963093E-4,29,100,3],"30":[0.014,1.1761705498319877,0.24006047555134954,1.4000000000000004E-4,3.487350880197773E-4,30,100,3],"31":[0.015,1.1618733636772405,0.2195236224283932,1.5000000000000007E-4,3.5887028128263695E-4,31,100,3],"32":[0.016,1.1335694575548998,0.1935828520549946,1.6000000000000007E-4,3.6845294917747085E-4,32,100,3],"33":[0.017,1.156209463378278,0.22536516321053415,1.700000000000001E-4,3.775251680686371E-4,33,100,3],"34":[0.018,1.175190139168213,0.20654927211363522,1.800000000000001E-4,3.8612291966536906E-4,34,100,3],"35":[0.019,1.1571863843900232,0.19384038021719427,1.900000000000001E-4,3.942772444036625E-4,35,100,3],"36":[0.021,1.1609813952406767,0.20140960156657964,2.1000000000000012E-4,4.093601807403323E-4,36,100,3],"37":[0.021,1.1512336076972205,0.17677265028129036,2.1000000000000012E-4,4.093601807403323E-4,37,100,3],"38":[0.023,1.182570955964246,0.18398030301996987,2.3000000000000014E-4,4.2295258468165095E-4,38,100,3],"39":[0.024,1.173531719392248,0.20590053848702608,2.4000000000000014E-4,4.292346959909276E-4,39,100,3],"40":[0.026,1.1557178993361235,0.2071014032282758,2.6000000000000014E-4,4.408440022768082E-4,40,100,3],"41":[0.03,1.170780005188271,0.2052230590669946,3.000000000000002E-4,4.819992036541479E-4,41,100,3],"42":[0.03,1.1625989650139987,0.1753523189138355,3.000000000000002E-4,4.6056618647183876E-4,42,100,3],"43":[0.03,1.1678389643404845,0.17026922138477057,3.000000000000002E-4,4.6056618647183876E-4,43,100,3],"44":[0.031,1.1637193486881487,0.17465237177090326,3.100000000000002E-4,4.6482319871173213E-4,44,100,3],"45":[0.033,1.180885688547933,0.1709181037213211,3.300000000000002E-4,4.72581562625261E-4,45,100,3],"46":[0.035,1.174480911009273,0.20243262993074426,3.5000000000000027E-4,4.7937248544110245E-4,46,100,3],"47":[0.038,1.1694795598105188,0.17506234474939344,3.800000000000003E-4,4.878317312145634E-4,47,100,3],"48":[0.04,1.1726225680469924,0.17172114151708281,4.000000000000003E-4,4.923659639173314E-4,48,100,3],"49":[0.042,1.2008799552669198,0.18667694650486083,4.200000000000003E-4,4.960449637488582E-4,49,100,3],"50":[0.046,1.1906412350711137,0.18397843357083196,4.6000000000000034E-4,5.206833117271099E-4,50,100,3],"51":[0.047,1.1731464562378495,0.17399688301256755,4.7000000000000037E-4,5.016135580465916E-4,51,100,3],"52":[0.048,1.1762237857536575,0.17460233864751787,4.8000000000000034E-4,5.021167315686784E-4,52,100,3],"53":[0.051,1.1875602507328888,0.18424792121375916,5.100000000000004E-4,5.024183937956919E-4,53,100,3],"54":[0.054,1.1789143705569516,0.1427447622253535,5.400000000000004E-4,5.00908265962033E-4,54,100,3],"55":[0.055,1.1907602261743115,0.15122964913294534,5.500000000000005E-4,5.0E-4,55,100,3],"56":[0.058,1.161131282229945,0.1601736849969966,5.800000000000004E-4,4.960449637488581E-4,56,100,3],"57":[0.064,1.180819185414056,0.1398739681803061,6.400000000000004E-4,5.416025603090639E-4,57,100,3],"58":[0.062,1.2132509035322412,0.16536551696980248,6.200000000000004E-4,4.8783173121456295E-4,58,100,3],"59":[0.066,1.1795227357086144,0.17914769362841704,6.600000000000004E-4,4.760952285695231E-4,59,100,3],"60":[0.068,1.2121853767725228,0.1696383366429511,6.800000000000005E-4,4.6882617226215093E-4,60,100,3],"61":[0.071,1.2035625543898347,0.16540013660911085,7.100000000000005E-4,4.5604802157206897E-4,61,100,3],"62":[0.075,1.187155652583767,0.16223212182774527,7.500000000000006E-4,4.999999999999993E-4,62,100,3],"63":[0.077,1.199683796966279,0.15701978197540972,7.700000000000005E-4,4.229525846816507E-4,63,100,3],"64":[0.078,1.179811594477632,0.14900438715345707,7.800000000000005E-4,4.1633319989322644E-4,64,100,3],"65":[0.082,1.1881649048882286,0.15331431327582024,8.200000000000006E-4,3.8612291966536917E-4,65,100,3],"66":[0.087,1.1702868484148945,0.15017970054335592,8.700000000000007E-4,3.666666666666666E-4,66,100,3],"67":[0.088,1.2082621411239958,0.1504766076679506,8.800000000000007E-4,3.5618630921006313E-4,67,100,3],"68":[0.091,1.199871597052615,0.15683648789673596,9.100000000000007E-4,3.2082595426382324E-4,68,100,3],"69":[0.097,1.191613413157106,0.14898734475638253,9.700000000000007E-4,3.3196689624421946E-4,69,100,3],"70":[0.095,1.1779085189041725,0.1539475234721516,9.500000000000008E-4,3.58870281282637E-4,70,100,3],"71":[0.1,1.1678264105040697,0.14336209364786406,0.0010000000000000007,4.020151261036849E-4,71,100,3],"72":[0.107,1.202939740266716,0.13667653181198766,0.0010700000000000009,3.828389433765283E-4,72,100,3],"73":[0.107,1.185707107287326,0.1520649939822961,0.0010700000000000009,2.5643239997624257E-4,73,100,3],"74":[0.111,1.1800037360993705,0.1458850536698867,0.0011100000000000007,3.1446603773521996E-4,74,100,3],"75":[0.115,1.2014745900209993,0.15617512632103348,0.0011500000000000008,3.588702812826366E-4,75,100,3],"76":[0.118,1.214871854394598,0.15235958827550883,0.001180000000000001,3.8612291966536906E-4,76,100,3],"77":[0.124,1.2141136280237272,0.15418992346895724,0.0012400000000000009,4.948216697442474E-4,77,100,3],"78":[0.123,1.1984358390999537,0.1377621334679525,0.001230000000000001,4.2295258468165095E-4,78,100,3],"79":[0.131,1.197420493184622,0.13883455482813778,0.0013100000000000008,4.8606854070452497E-4,79,100,3],"80":[0.128,1.172819768486093,0.14319674222463327,0.0012800000000000008,4.512608598542128E-4,80,100,3],"81":[0.133,1.192561993269422,0.14776691180615073,0.0013300000000000009,4.934930126509933E-4,81,100,3],"82":[0.14,1.1685984895211963,0.1412539053403235,0.001400000000000001,4.923659639173312E-4,82,100,3],"83":[0.144,1.1940585366349838,0.1333260616489248,0.001440000000000001,5.187397315522587E-4,83,100,3],"84":[0.148,1.2149265165699612,0.16634916293119162,0.001480000000000001,5.021167315686782E-4,84,100,3],