{"4":[0.001,0.7965785403729688,0.3497069260167038,0.0,0.0,4,100,4],"5":[0.0,0.912085936237478,0.3487106902719353,0.0,0.0,5,100,4],"6":[0.001,0.9887042188415177,0.3427628699834554,1.0E-5,1.0E-4,6,100,4],"7":[0.001,1.003566768220539,0.3327031245535832,1.0E-5,1.0E-4,7,100,4],"8":[0.001,1.0956670824958201,0.3638481781275178,1.0E-5,1.0E-4,8,100,4],"9":[0.001,1.0602661544316037,0.35250199270192134,1.0E-5,1.0E-4,9,100,4],"10":[0.002,1.0703093879219363,0.3115307046648972,2.0E-5,1.407052941362898E-4,10,100,4],"11":[0.002,1.0975406624054365,0.32887675035928177,2.0E-5,1.4070529413628974E-4,11,100,4],"12":[0.003,1.121908364838203,0.28518101662379897,3.0E-5,1.7144660799776507E-4,12,100,4],"13":[0.002,1.1232406262729615,0.28834199241994785,2.0E-5,1.4070529413628974E-4,13,100,4],"14":[0.003,1.1316670030012517,0.3788702819269847,3.0E-5,1.7144660799776505E-4,14,100,4],"15":[0.003,1.0919538227989367,0.30814525499160916,3.0E-5,1.7144660799776516E-4,15,100,4],"16":[0.004,1.138774689447983,0.2874015006962431,4.0E-5,1.969463855669325E-4,16,100,4],"17":[0.005,1.1611074777224315,0.26539638569600416,5.0E-5,2.1904291355759038E-4,17,100,4],"18":[0.005,1.1514223946416098,0.2940790097537749,5.0E-5,2.1904291355759038E-4,18,100,4],"19":[0.006,1.1645684069210298,0.2828120609777186,6.0E-5,2.3868325657594208E-4,19,100,4],"20":[0.007,1.114630485563536,0.2621017742794563,7.000000000000001E-5,2.5643239997624273E-4,20,100,4],"21":[0.007,1.143300876815992,0.24243422588828115,7.000000000000001E-5,2.564323999762427E-4,21,100,4],"22":[0.008,1.1468548382420927,0.2642650235660549,8.0E-5,2.726599243442905E-4,22,100,4],"23":[0.008,1.2050380865561217,0.23769012410141493,8.0E-5,2.726599243442905E-4,23,100,4],"24":[0.009,1.153165168380568,0.21681887708561395,9.0E-5,2.8762349126466136E-4,24,100,4],"25":[0.01,1.1726309302322322,0.22105510200363795,1.0000000000000002E-4,3.0151134457776353E-4,25,100,4],"26":[0.024,1.1903048123153008,0.23426387323313033,2.4000000000000014E-4,4.948216697442473E-4,26,100,4],"27":[0.012,1.1867403553133493,0.25582292976916227,1.2000000000000004E-4,3.2659863237109027E-4,27,100,4],"28":[0.013,1.1810946896088923,0.2383163667870957,1.3000000000000004E-4,3.37997668989631E-4,28,100,4],"29":[0.013,1.1884364092305488,0.2166884006019092,1.3000000000000004E-4,3.37997668989631E-4,29,100,4],"30":[0.014,1.1719645700385897,0.22471582729617987,1.4000000000000004E-4,3.487350880197773E-4,30,100,4],"31":[0.016,1.1799078996501264,0.2236706907057645,1.6000000000000007E-4,3.6845294917747085E-4,31,100,4],"32":[0.017,1.184449872504841,0.2160094491607517,1.700000000000001E-4,3.775251680686371E-4,32,100,4],"33":[0.018,1.1817818665462183,0.22936229061679408,1.800000000000001E-4,3.8612291966536906E-4,33,100,4],"34":[0.019,1.1814422428966989,0.2131111040439179,1.900000000000001E-4,3.9427724440366246E-4,34,100,4],"35":[0.02,1.1599292620035981,0.2093943926235412,2.0000000000000012E-4,4.020151261036848E-4,35,100,4],"36":[0.022,1.2021961441353008,0.21402358423638523,2.2000000000000012E-4,4.1633319989322633E-4,36,100,4],"37":[0.022,1.1694595291033465,0.20147515148822323,2.2000000000000012E-4,4.163331998932264E-4,37,100,4],"38":[0.024,1.2176533654321597,0.19294614109592367,2.4000000000000014E-4,4.2923469599092756E-4,38,100,4],"39":[0.025,1.1696753471121566,0.20513997929092515,2.4000000000000014E-4,4.2923469599092756E-4,39,100,4],"40":[0.026,1.184783004618398,0.17246495803929912,2.6000000000000014E-4,4.4084400227680816E-4,40,100,4],"41":[0.028,1.1957724304331654,0.18016618770549825,2.800000000000002E-4,4.5126085985421294E-4,41,100,4],"42":[0.029,1.2216498959771704,0.20159820091092456,2.9000000000000016E-4,4.560480215720688E-4,42,100,4],"43":[0.031,1.1785374753319142,0.20089987159981262,3.100000000000002E-4,4.6482319871173213E-4,43,100,4],"44":[0.035,1.193208423479997,0.2213911898876944,3.5000000000000027E-4,5.388914922357195E-4,44,100,4],"45":[0.035,1.2008440232499815,0.19231011418190488,3.5000000000000027E-4,4.7937248544110245E-4,45,100,4],"46":[0.035,1.203566184808301,0.17113222971215547,3.5000000000000027E-4,4.793724854411024E-4,46,100,4],"47":[0.037,1.1918406782763704,0.1845195536535201,3.7000000000000027E-4,4.8523658709390935E-4,47,100,4],"48":[0.038,1.1840909942039743,0.1738181607561484,3.800000000000003E-4,4.878317312145634E-4,48,100,4],"49":[0.04,1.177207398498035,0.15268304618977302,4.000000000000003E-4,4.923659639173314E-4,49,100,4],"50":[0.042,1.1931194727939343,0.19078632142304347,4.200000000000003E-4,4.960449637488582E-4,50,100,4],"51":[0.043,1.2104246785322013,0.1575096792866356,4.300000000000003E-4,4.97569851956243E-4,51,100,4],"52":[0.045,1.1878456017104193,0.1925221656899475,4.500000000000003E-4,4.999999999999998E-4,52,100,4],"53":[0.047,1.2144565261524658,0.19973595564437435,4.7000000000000037E-4,5.016135580465916E-4,53,100,4],"54":[0.051,1.2113395200587578,0.16067223190318533,5.100000000000004E-4,5.594911107696921E-4,54,100,4],"55":[0.051,1.1659797069797826,0.17254181036411864,5.100000000000004E-4,5.024183937956919E-4,55,100,4],"56":[0.053,1.1621010006125565,0.18579040600596355,5.300000000000004E-4,5.016135580465918E-4,56,100,4],"57":[0.055,1.1946403144928734,0.17613402715903587,5.500000000000005E-4,5.0E-4,57,100,4],"58":[0.057,1.2122562162173134,0.17525393246868834,5.700000000000004E-4,4.975698519562428E-4,58,100,4],"59":[0.059,1.1769248259859753,0.16452520384640756,5.900000000000005E-4,4.943110704237104E-4,59,100,4],"60":[0.067,1.2165694274005556,0.19845053900559,6.700000000000005E-4,5.869799439039249E-4,60,100,4],"61":[0.063,1.1811818135824441,0.16436564961095423,6.300000000000005E-4,4.8523658709390957E-4,61,100,4],"62":[0.065,1.195575510499715,0.14170132688441153,6.500000000000004E-4,4.7937248544110245E-4,62,100,4],"63":[0.067,1.2403733740704843,0.15651305574765773,6.700000000000005E-4,4.7258156262526064E-4,63,100,4],"64":[0.069,1.205406359318129,0.16066215433159395,6.900000000000005E-4,4.648231987117317E-4,64,100,4],"65":[0.072,1.162687493598313,0.1568358106493195,7.200000000000005E-4,4.512608598542127E-4,65,100,4],"66":[0.081,1.1942283036405419,0.17752154771564901,8.100000000000006E-4,5.259911279353175E-4,66,100,4],"67":[0.077,1.1762437758432285,0.159968314001623,7.700000000000005E-4,4.2295258468165063E-4,67,100,4],"68":[0.08,1.1760824662696505,0.16141957527788467,8.000000000000006E-4,4.0201512610368466E-4,68,100,4],"69":[0.081,1.2039862609408798,0.15436454174984363,8.100000000000006E-4,3.9427724440366235E-4,69,100,4],"70":[0.089,1.220383640780309,0.15210200036657262,8.900000000000006E-4,3.9936818788550147E-4,70,100,4],"71":[0.086,1.2097675925335125,0.14653220303199033,8.600000000000006E-4,3.4873508801977737E-4,71,100,4],"72":[0.091,1.1638825545051643,0.14037654055794455,9.100000000000007E-4,2.8762349126466136E-4,72,100,4],"73":[0.099,1.214748467399771,0.16593032094149027,9.900000000000006E-4,4.1426581033940233E-4,73,100,4],"74":[0.094,1.2025130358047438,0.14388012899900637,9.400000000000007E-4,2.386832565759422E-4,74,100,4],"75":[0.1,1.1960952277570396,0.1372821466378282,0.0010000000000000007,6.537985096404737E-19,75,100,4],"76":[0.102,1.221424217175665,0.15045904485127254,0.0010200000000000007,1.407052941362897E-4,76,100,4],"77":[0.104,1.204937233805207,0.1340990907387967,0.0010400000000000008,2.4287836253956226E-4,77,100,4],"78":[0.107,1.198928397057883,0.14877820565726146,0.0010700000000000009,2.5643239997624257E-4,78,100,4],"79":[0.109,1.195257264130263,0.15099592164438475,0.001090000000000001,2.8762349126466126E-4,79,100,4],"80":[0.123,1.1944454552252213,0.1558718689492019,0.001230000000000001,9.519252156349341E-4,80,100,4],"81":[0.116,1.1897814399462785,0.14862315448611213,0.0011600000000000009,3.6845294917747063E-4,81,100,4],"82":[0.117,1.2066163123285827,0.15236510917011992,0.001170000000000001,3.7752516806863716E-4,82,100,4],"83":[0.123,1.1712132709539822,0.13637262750588386,0.0012300000000000008,4.46196043338474E-4,83,100,4],"84":[0.124,1.170623910564167,0.13962516958931973,0.0012400000000000009,4.2923469599092816E-4,84,100,4],