{"4":[0.001,0.6213156508935449,0.2848080999765396,1.0E-5,1.0000000000000003E-4,4,100,2],"5":[0.001,0.6853944520656168,0.2814938494610312,1.0E-5,1.0E-4,5,100,2],"6":[0.002,0.6951616927248553,0.2419456259006231,2.0E-5,1.4070529413628974E-4,6,100,2],"7":[0.003,0.7290232347750306,0.27531380762167235,3.0E-5,1.7144660799776502E-4,7,100,2],"8":[0.001,0.8138352995132578,0.26121087989463404,1.0E-5,1.0E-4,8,100,2],"9":[0.002,0.8047169126138458,0.2605565125816548,2.0E-5,1.407052941362898E-4,9,100,2],"10":[0.002,0.8442952832982011,0.2388497751497361,2.0E-5,1.4070529413628976E-4,10,100,2],"11":[0.003,0.8755137419846054,0.21424476944415596,3.0E-5,1.7144660799776518E-4,11,100,2],"12":[0.003,0.9326788152363938,0.2406670009088768,3.0E-5,1.7144660799776518E-4,12,100,2],"13":[0.003,0.9152623320771958,0.20127463980701202,3.0E-5,1.7144660799776513E-4,13,100,2],"14":[0.002,0.9141835261211745,0.20838953551930822,2.0E-5,1.4070529413628974E-4,14,100,2],"15":[0.003,0.9383460721022396,0.22149553723230075,3.0E-5,1.7144660799776516E-4,15,100,2],"16":[0.003,0.9636268458293112,0.21351344755751556,3.0E-5,1.7144660799776513E-4,16,100,2],"17":[0.004,0.92412250559985,0.21133827151133275,4.0E-5,1.969463855669325E-4,17,100,2],"18":[0.004,0.9474310400494467,0.21070636733772477,4.0E-5,1.969463855669325E-4,18,100,2],"19":[0.005,0.9506243946437329,0.2226907834611141,5.0E-5,2.190429135575904E-4,19,100,2],"20":[0.005,0.9795944590413507,0.2163585143494413,5.0E-5,2.1904291355759038E-4,20,100,2],"21":[0.005,0.9665663534384854,0.20430455446400914,5.0E-5,2.1904291355759044E-4,21,100,2],"22":[0.005,0.9722795767031882,0.19661811004473123,5.0E-5,2.1904291355759046E-4,22,100,2],"23":[0.006,1.0033131531774602,0.18934919516521778,6.0E-5,2.3868325657594206E-4,23,100,2],"24":[0.009,1.0564787643587055,0.2156005408696307,9.0E-5,3.208259542638234E-4,24,100,2],"25":[0.008,1.0189920675959474,0.1773125483798817,8.0E-5,2.726599243442905E-4,25,100,2],"26":[0.008,1.0102431543756274,0.20222960763973832,8.0E-5,2.726599243442905E-4,26,100,2],"27":[0.008,0.9912019265326272,0.16948772496408934,8.0E-5,2.726599243442905E-4,27,100,2],"28":[0.009,1.0164022432271087,0.174520953682223,9.0E-5,2.876234912646614E-4,28,100,2],"29":[0.01,1.0525785945150603,0.19533492105598624,1.0000000000000002E-4,3.0151134457776353E-4,29,100,2],"30":[0.011,1.0687780619502638,0.19539004307464258,1.1000000000000003E-4,3.1446603773522E-4,30,100,2],"31":[0.012,1.0306186606184267,0.16961939774162216,1.2000000000000004E-4,3.2659863237109027E-4,31,100,2],"32":[0.012,1.0240593352542053,0.15876065877434264,1.2000000000000004E-4,3.265986323710902E-4,32,100,2],"33":[0.014,1.049715313502606,0.17658045156789734,1.4000000000000004E-4,3.4873508801977726E-4,33,100,2],"34":[0.014,1.0351728344090203,0.16720421992507511,1.4000000000000004E-4,3.4873508801977726E-4,34,100,2],"35":[0.015,1.0760639825184068,0.1872959944246945,1.5000000000000007E-4,3.5887028128263695E-4,35,100,2],"36":[0.015,1.044925209683881,0.1623906053760408,1.5000000000000007E-4,3.5887028128263695E-4,36,100,2],"37":[0.016,1.0455066644864104,0.15665647444873276,1.6000000000000007E-4,3.6845294917747085E-4,37,100,2],"38":[0.018,1.0644482354094935,0.15855068082103202,1.800000000000001E-4,3.8612291966536906E-4,38,100,2],"39":[0.018,1.0439263888151407,0.15431603181074785,1.800000000000001E-4,3.8612291966536906E-4,39,100,2],"40":[0.02,1.067972357896762,0.17003095408322141,2.0000000000000012E-4,4.020151261036848E-4,40,100,2],"41":[0.02,1.0924119036700888,0.17199678999386867,2.0000000000000012E-4,4.020151261036848E-4,41,100,2],"42":[0.022,1.0932061645055833,0.17079703506223406,2.2000000000000012E-4,4.1633319989322633E-4,42,100,2],"43":[0.023,1.0609258464596933,0.16815438260971488,2.3000000000000014E-4,4.229525846816509E-4,43,100,2],"44":[0.023,1.0476597058520252,0.14394271146086166,2.2000000000000012E-4,4.1633319989322633E-4,44,100,2],"45":[0.025,1.0713783265754189,0.15957091995234,2.5000000000000017E-4,4.3519413988924474E-4,45,100,2],"46":[0.026,1.0847670848852906,0.17053645569502113,2.6000000000000014E-4,4.408440022768082E-4,46,100,2],"47":[0.028,1.071938074013746,0.15199690566862034,2.800000000000002E-4,4.512608598542129E-4,47,100,2],"48":[0.029,1.086896794590728,0.13479213497657336,2.9000000000000016E-4,4.5604802157206875E-4,48,100,2],"49":[0.03,1.0844678440350586,0.15395961676420314,3.000000000000002E-4,4.6056618647183876E-4,49,100,2],"50":[0.031,1.0754168638560941,0.15257897722210184,3.100000000000002E-4,4.6482319871173213E-4,50,100,2],"51":[0.034,1.08739632125345,0.15227243705240215,3.4000000000000024E-4,4.968588198559894E-4,51,100,2],"52":[0.035,1.107368334731464,0.1614007766457401,3.5000000000000027E-4,4.793724854411024E-4,52,100,2],"53":[0.035,1.1002638162049065,0.15994975286701751,3.5000000000000027E-4,4.793724854411024E-4,53,100,2],"54":[0.037,1.0881599969279947,0.15671188260759703,3.7000000000000027E-4,4.8523658709390935E-4,54,100,2],"55":[0.038,1.090315089019014,0.15125361666272533,3.800000000000003E-4,4.878317312145634E-4,55,100,2],"56":[0.041,1.079026272375602,0.14210394278211275,4.100000000000003E-4,4.943110704237104E-4,56,100,2],"57":[0.041,1.0739164718791947,0.14187023747627617,4.100000000000003E-4,4.943110704237104E-4,57,100,2],"58":[0.047,1.0954140806662587,0.13910960386779045,4.7000000000000026E-4,6.1059666133077E-4,58,100,2],"59":[0.045,1.1043958647001078,0.13500272283999576,4.500000000000003E-4,4.999999999999998E-4,59,100,2],"60":[0.047,1.1039125977338693,0.15108951086601036,4.7000000000000037E-4,5.016135580465916E-4,60,100,2],"61":[0.049,1.096212301641539,0.14721301283073499,4.900000000000004E-4,5.024183937956917E-4,61,100,2],"62":[0.05,1.0966483410237635,0.15057918899894795,5.000000000000003E-4,5.025189076296058E-4,62,100,2],"63":[0.055,1.0989089116846182,0.13861815129954536,5.500000000000004E-4,5.573204290227127E-4,63,100,2],"64":[0.052,1.1182614465105747,0.15611598826188922,5.200000000000004E-4,5.021167315686784E-4,64,100,2],"65":[0.055,1.1195461365198056,0.14032941620633665,5.500000000000005E-4,5.0E-4,65,100,2],"66":[0.057,1.1073134605288955,0.13378111252170446,5.700000000000004E-4,4.975698519562429E-4,66,100,2],"67":[0.061,1.1043619949840573,0.1346195991928613,6.100000000000005E-4,5.485518124198393E-4,67,100,2],"68":[0.061,1.1222758058830191,0.14009137712100383,6.100000000000005E-4,4.902071300001969E-4,68,100,2],"69":[0.064,1.1117318359541297,0.1296392558251638,6.400000000000004E-4,4.8241815132442166E-4,69,100,2],"70":[0.066,1.0992286621194487,0.1348436429030235,6.600000000000004E-4,4.760952285695231E-4,70,100,2],"71":[0.069,1.1209825379826337,0.14457572252381395,6.900000000000005E-4,5.259911279353168E-4,71,100,2],"72":[0.068,1.1285559242334093,0.13541653663226913,6.800000000000005E-4,4.6882617226215093E-4,72,100,2],"73":[0.071,1.1221375512379452,0.14090668192655967,7.100000000000005E-4,4.5604802157206897E-4,73,100,2],"74":[0.077,1.1209091593393985,0.11938419591018232,7.700000000000005E-4,5.478147589295226E-4,74,100,2],"75":[0.076,1.10278552011926,0.12356768973542039,7.600000000000006E-4,4.292346959909279E-4,75,100,2],"76":[0.078,1.1255791351838986,0.11144406300569436,7.800000000000005E-4,4.163331998932265E-4,76,100,2],"77":[0.091,1.1174868129588982,0.13433051723531034,9.100000000000007E-4,7.666666666666653E-4,77,100,2],"78":[0.082,1.1092470901885287,0.11815151261066859,8.200000000000006E-4,3.8612291966536917E-4,78,100,2],"79":[0.084,1.11867624648481,0.1222481062012094,8.400000000000006E-4,3.684529491774709E-4,79,100,2],"80":[0.093,1.1296560548529144,0.12413480876459848,9.300000000000007E-4,4.975698519562434E-4,80,100,2],"81":[0.088,1.1168968382240216,0.1177750880425017,8.800000000000007E-4,3.265986323710904E-4,81,100,2],"82":[0.091,1.1464299980584665,0.12169965142661465,9.100000000000007E-4,2.8762349126466136E-4,82,100,2],"83":[0.093,1.1227411617357048,0.1235221935971745,9.300000000000007E-4,2.564323999762426E-4,83,100,2],"84":[0.097,1.1211010424946573,0.12462326378958256,9.700000000000007E-4,3.3196689624421957E-4,84,100,2],