{"4":[0.01,0.9441561932661144,0.3855341746998195,9.0E-5,4.5159649460485714E-4,4,100,0],"5":[0.008,0.986771536128504,0.3870882068825108,8.0E-5,2.7265992434429053E-4,5,100,0],"6":[0.01,1.0901399831934686,0.40080068228047594,1.0000000000000002E-4,3.0151134457776353E-4,6,100,0],"7":[0.009,0.9986470362066667,0.3765566374335979,9.0E-5,2.876234912646613E-4,7,100,0],"8":[0.006,1.0894946949022153,0.36942149795427404,6.0E-5,2.3868325657594214E-4,8,100,0],"9":[0.006,1.088053275095605,0.32910744578932294,6.0E-5,2.3868325657594208E-4,9,100,0],"10":[0.005,1.1530626355772395,0.33586151769888783,5.0E-5,2.1904291355759044E-4,10,100,0],"11":[0.004,1.1421723681783744,0.3537661649251006,4.0E-5,1.969463855669325E-4,11,100,0],"12":[0.005,1.1990327311365017,0.345527457715208,4.0E-5,1.969463855669325E-4,12,100,0],"13":[0.006,1.0864747424877286,0.3560584133755813,6.0E-5,2.3868325657594203E-4,13,100,0],"14":[0.002,1.1360776726203017,0.3356125817522308,2.0E-5,1.407052941362898E-4,14,100,0],"15":[0.002,1.1569008571238484,0.3090415906380878,2.0E-5,1.4070529413628976E-4,15,100,0],"16":[0.001,1.1756589950148684,0.31685311378226216,1.0E-5,1.0000000000000003E-4,16,100,0],"17":[0.002,1.1855658940026046,0.3367198586144744,2.0E-5,1.4070529413628974E-4,17,100,0],"18":[0.002,1.2047022887018242,0.32348843770516356,2.0E-5,1.4070529413628976E-4,18,100,0],"19":[0.003,1.1387895348201824,0.2574925111495277,3.0E-5,1.7144660799776513E-4,19,100,0],"20":[0.003,1.1526964675812212,0.22098603523087476,3.0E-5,1.7144660799776518E-4,20,100,0],"21":[0.003,1.1771968457408608,0.3243319559947805,3.0E-5,1.7144660799776518E-4,21,100,0],"22":[0.003,1.1608563244306709,0.27096160985280776,3.0E-5,1.7144660799776513E-4,22,100,0],"23":[0.004,1.2436901726373564,0.29917106968437573,4.0E-5,1.969463855669325E-4,23,100,0],"24":[0.004,1.1709899194389242,0.2391650403475556,4.0E-5,1.969463855669325E-4,24,100,0],"25":[0.004,1.2035749235723738,0.2812270880529197,4.0E-5,1.969463855669325E-4,25,100,0],"26":[0.005,1.1858464543203167,0.24474139243804519,5.0E-5,2.190429135575904E-4,26,100,0],"27":[0.005,1.1652419386882193,0.20630457616467482,5.0E-5,2.190429135575904E-4,27,100,0],"28":[0.005,1.1455729914856876,0.24869567853504088,5.0E-5,2.1904291355759038E-4,28,100,0],"29":[0.005,1.18494500019843,0.21656333554608845,5.0E-5,2.1904291355759046E-4,29,100,0],"30":[0.005,1.1695972851119043,0.25214782638371497,5.0E-5,2.190429135575904E-4,30,100,0],"31":[0.006,1.2026662758953948,0.21298481862968474,6.0E-5,2.3868325657594203E-4,31,100,0],"32":[0.006,1.1447053250079882,0.2141217999058474,5.0E-5,2.1904291355759038E-4,32,100,0],"33":[0.007,1.1581314575651631,0.23324644785185325,7.000000000000001E-5,2.5643239997624273E-4,33,100,0],"34":[0.007,1.1526340998293647,0.20057677546537622,7.000000000000001E-5,2.931886695621027E-4,34,100,0],"35":[0.006,1.1816047106903569,0.2238477417315858,6.0E-5,2.3868325657594203E-4,35,100,0],"36":[0.006,1.2064304660873997,0.24035244775310097,6.0E-5,2.3868325657594203E-4,36,100,0],"37":[0.006,1.2234354107754928,0.20453038612815513,6.0E-5,2.3868325657594208E-4,37,100,0],"38":[0.007,1.2035585276837413,0.18394453424720172,7.000000000000001E-5,2.5643239997624273E-4,38,100,0],"39":[0.007,1.2133508896290046,0.22533017891176205,7.000000000000001E-5,2.564323999762427E-4,39,100,0],"40":[0.007,1.176641787102902,0.20544766474412451,7.000000000000001E-5,2.564323999762427E-4,40,100,0],"41":[0.008,1.160779809187843,0.1933109200648379,8.0E-5,2.7265992434429053E-4,41,100,0],"42":[0.009,1.1654990872819242,0.22383814708515462,9.0E-5,2.876234912646614E-4,42,100,0],"43":[0.008,1.1819862027573573,0.20584178363990657,8.0E-5,2.726599243442905E-4,43,100,0],"44":[0.008,1.2068674670695472,0.17701884115252373,8.0E-5,2.7265992434429053E-4,44,100,0],"45":[0.009,1.1602698077884421,0.1866030825294748,9.0E-5,2.8762349126466136E-4,45,100,0],"46":[0.009,1.1604835995215896,0.20588426564170628,9.0E-5,2.876234912646614E-4,46,100,0],"47":[0.01,1.215528619842312,0.18692669382001542,1.0000000000000002E-4,3.0151134457776353E-4,47,100,0],"48":[0.012,1.177519288326571,0.17043078195300534,1.2000000000000002E-4,3.561863092100633E-4,48,100,0],"49":[0.01,1.2010892894485619,0.1514727319430478,1.0000000000000002E-4,3.0151134457776353E-4,49,100,0],"50":[0.01,1.1974007060831848,0.15981924978655254,1.0000000000000002E-4,3.0151134457776353E-4,50,100,0],"51":[0.011,1.20494407726483,0.15516061873107292,1.1000000000000003E-4,3.1446603773522E-4,51,100,0],"52":[0.011,1.194543545546505,0.17927084177901198,1.1000000000000003E-4,3.1446603773522007E-4,52,100,0],"53":[0.018,1.1732307204986478,0.16286772834403968,1.800000000000001E-4,6.093546843285377E-4,53,100,0],"54":[0.012,1.1870846759423783,0.1828403877177858,1.2000000000000004E-4,3.265986323710902E-4,54,100,0],"55":[0.013,1.1957235477795858,0.18997570752889106,1.3000000000000004E-4,3.3799766898963093E-4,55,100,0],"56":[0.013,1.2060603103356127,0.17928931479168395,1.3000000000000004E-4,3.37997668989631E-4,56,100,0],"57":[0.014,1.183883760129777,0.1758655342557694,1.4000000000000004E-4,3.487350880197773E-4,57,100,0],"58":[0.019,1.2040149619734504,0.17076043764797777,1.900000000000001E-4,3.942772444036625E-4,58,100,0],"59":[0.02,1.1877034211576547,0.1617540168162963,2.0000000000000012E-4,4.020151261036848E-4,59,100,0],"60":[0.02,1.1976472420747355,0.158613844056628,1.900000000000001E-4,3.9427724440366257E-4,60,100,0],"61":[0.023,1.2194770689331706,0.17136517000851278,2.300000000000001E-4,4.893822120745194E-4,61,100,0],"62":[0.017,1.2138939020615092,0.16209479683328815,1.700000000000001E-4,3.775251680686371E-4,62,100,0],"63":[0.017,1.2070682238981865,0.15725464365844175,1.700000000000001E-4,3.775251680686371E-4,63,100,0],"64":[0.018,1.1824621225545464,0.17632759301653192,1.800000000000001E-4,3.8612291966536906E-4,64,100,0],"65":[0.018,1.2053557340470815,0.1610666562343777,1.800000000000001E-4,3.8612291966536906E-4,65,100,0],"66":[0.019,1.1753966986744666,0.14870151753519117,1.900000000000001E-4,3.9427724440366246E-4,66,100,0],"67":[0.019,1.1958217544026197,0.17509271497099035,1.900000000000001E-4,3.942772444036625E-4,67,100,0],"68":[0.022,1.211164933432763,0.16070265130517533,2.2000000000000012E-4,4.3992653197477574E-4,68,100,0],"69":[0.02,1.1885792881223936,0.1454671662300633,2.0000000000000012E-4,4.020151261036848E-4,69,100,0],"70":[0.021,1.2224199192238858,0.15715824849576604,2.1000000000000012E-4,4.093601807403323E-4,70,100,0],"71":[0.022,1.20173641281466,0.1484999904005848,2.2000000000000012E-4,4.1633319989322633E-4,71,100,0],"72":[0.022,1.206060714097232,0.1598590081257696,2.2000000000000012E-4,4.163331998932264E-4,72,100,0],"73":[0.029,1.1946098833228918,0.1687584575883298,2.9000000000000016E-4,4.560480215720688E-4,73,100,0],"74":[0.032,1.1980129497163963,0.1413044043203835,3.200000000000002E-4,4.688261722621511E-4,74,100,0],"75":[0.033,1.1972917881269707,0.1606438981145432,3.300000000000002E-4,4.72581562625261E-4,75,100,0],"76":[0.034,1.1968861286752135,0.13319265977169242,3.4000000000000024E-4,4.76095228569523E-4,76,100,0],"77":[0.036,1.2008738155755472,0.14340952688328293,3.6000000000000024E-4,5.416025603090639E-4,77,100,0],"78":[0.025,1.1700766731189354,0.1454155968943228,2.5000000000000017E-4,4.351941398892448E-4,78,100,0],"79":[0.026,1.190714301036852,0.14405772245764178,2.6000000000000014E-4,4.408440022768082E-4,79,100,0],"80":[0.027,1.1986385536176414,0.135187316425516,2.7000000000000017E-4,4.4619604333847386E-4,80,100,0],"81":[0.028,1.2012710300878064,0.1251012401207793,2.800000000000002E-4,4.5126085985421294E-4,81,100,0],"82":[0.029,1.200881228414157,0.1383904450650029,2.9000000000000016E-4,4.560480215720688E-4,82,100,0],"83":[0.029,1.2153527707827596,0.15138715685503998,2.9000000000000016E-4,4.560480215720688E-4,83,100,0],"84":[0.03,1.1891432606522494,0.13957964828939243,2.9000000000000016E-4,4.5604802157206875E-4,84,100,0],"85":[0.034,1.19882191673769,0.13014771674537576,3.4000000000000024E-4,4.968588198559894E-4,85,100,0],