{"4":[0.0,0.7424889711082666,0.29028946076207984,0.0,0.0,4,100,3],"5":[0.001,0.8199661955364577,0.28770878149442997,1.0E-5,1.0000000000000003E-4,5,100,3],"6":[0.0,0.8543505440904707,0.2908129482495371,0.0,0.0,6,100,3],"7":[0.001,0.9042088981410944,0.3303333485505694,1.0E-5,1.0000000000000003E-4,7,100,3],"8":[0.001,1.015694050173939,0.33304238373522194,1.0E-5,1.0000000000000003E-4,8,100,3],"9":[0.001,1.0345700882676645,0.29814454496048154,1.0E-5,1.0000000000000003E-4,9,100,3],"10":[0.001,1.032100344127218,0.2733003053459409,1.0E-5,1.0E-4,10,100,3],"11":[0.002,1.0713853492674998,0.3024868640938882,2.0E-5,1.407052941362898E-4,11,100,3],"12":[0.002,1.054200837963708,0.2516761821632568,2.0E-5,1.4070529413628976E-4,12,100,3],"13":[0.002,1.1174359586230764,0.3510503176110024,2.0E-5,1.407052941362898E-4,13,100,3],"14":[0.002,1.0632692069086054,0.2683369036870439,2.0E-5,1.4070529413628974E-4,14,100,3],"15":[0.003,1.079001693726017,0.2876361553510374,3.0E-5,1.7144660799776507E-4,15,100,3],"16":[0.003,1.1136732403635865,0.2800375989976169,3.0E-5,1.7144660799776516E-4,16,100,3],"17":[0.004,1.122182134575038,0.24578417696787538,4.0E-5,1.969463855669325E-4,17,100,3],"18":[0.005,1.1683550132385283,0.2323012139569013,5.0E-5,2.1904291355759038E-4,18,100,3],"19":[0.005,1.1168634254005527,0.2186971254378207,5.0E-5,2.1904291355759044E-4,19,100,3],"20":[0.006,1.1002052968369527,0.2311257672896462,6.0E-5,2.3868325657594208E-4,20,100,3],"21":[0.006,1.1767353082788752,0.26820382765789025,6.0E-5,2.3868325657594208E-4,21,100,3],"22":[0.006,1.164554541359816,0.25483613558099466,6.0E-5,2.3868325657594208E-4,22,100,3],"23":[0.007,1.1588980302015768,0.24011224553957464,7.000000000000001E-5,2.564323999762427E-4,23,100,3],"24":[0.01,1.1413297358777768,0.23713180201108586,1.0000000000000002E-4,3.0151134457776353E-4,24,100,3],"25":[0.009,1.1627807094516873,0.26679311152160257,9.0E-5,2.876234912646614E-4,25,100,3],"26":[0.01,1.1335400551921735,0.2492335994317781,1.0000000000000002E-4,3.0151134457776353E-4,26,100,3],"27":[0.01,1.2147310724374003,0.25324587295446116,1.0000000000000002E-4,3.0151134457776353E-4,27,100,3],"28":[0.011,1.1607430386685458,0.22646660276524266,1.1000000000000003E-4,3.1446603773522007E-4,28,100,3],"29":[0.012,1.2022536072209107,0.23783571036441684,1.2000000000000004E-4,3.2659863237109027E-4,29,100,3],"30":[0.012,1.2081400600779937,0.22411286745284292,1.2000000000000004E-4,3.265986323710902E-4,30,100,3],"31":[0.013,1.149627189265282,0.19862802645945396,1.3000000000000004E-4,3.37997668989631E-4,31,100,3],"32":[0.014,1.1549850188167812,0.21812874857713593,1.4000000000000004E-4,3.487350880197773E-4,32,100,3],"33":[0.016,1.1941129118842315,0.22066551971943896,1.6000000000000007E-4,3.6845294917747085E-4,33,100,3],"34":[0.016,1.1361331187884303,0.1797131183985373,1.6000000000000007E-4,3.6845294917747085E-4,34,100,3],"35":[0.017,1.1381976606087931,0.19796976616313305,1.700000000000001E-4,3.775251680686371E-4,35,100,3],"36":[0.019,1.1759858067760225,0.18630177591319896,1.900000000000001E-4,3.9427724440366246E-4,36,100,3],"37":[0.019,1.1840733336108036,0.21061189249129134,1.900000000000001E-4,3.9427724440366246E-4,37,100,3],"38":[0.02,1.1945760121745985,0.19109287066381409,2.0000000000000012E-4,4.020151261036848E-4,38,100,3],"39":[0.022,1.1928343137694484,0.20968056519208725,2.2000000000000012E-4,4.1633319989322633E-4,39,100,3],"40":[0.022,1.1456058026220035,0.17385400282698388,2.2000000000000012E-4,4.163331998932264E-4,40,100,3],"41":[0.033,1.1747111187652672,0.1660603775307306,3.3000000000000016E-4,5.328596381218925E-4,41,100,3],"42":[0.024,1.2042657138396533,0.2203491202677219,2.4000000000000014E-4,4.292346959909276E-4,42,100,3],"43":[0.026,1.1396422115581624,0.18626053404365484,2.6000000000000014E-4,4.408440022768082E-4,43,100,3],"44":[0.027,1.1874009178301608,0.18298570939989128,2.7000000000000017E-4,4.4619604333847386E-4,44,100,3],"45":[0.029,1.1974743577057185,0.17438532242777993,2.9000000000000016E-4,4.560480215720688E-4,45,100,3],"46":[0.03,1.1952045164022902,0.2039165025043954,3.000000000000002E-4,4.6056618647183876E-4,46,100,3],"47":[0.032,1.1812007463700696,0.18395527091441385,3.200000000000002E-4,4.688261722621511E-4,47,100,3],"48":[0.034,1.1756555802508684,0.17570010283150245,3.4000000000000024E-4,4.76095228569523E-4,48,100,3],"49":[0.037,1.184757087270457,0.15816334344653285,3.7000000000000027E-4,5.056249258655721E-4,49,100,3],"50":[0.037,1.2169645236055993,0.1713349136132666,3.7000000000000027E-4,4.8523658709390935E-4,50,100,3],"51":[0.038,1.1825380904676637,0.16964809745769815,3.7000000000000027E-4,4.8523658709390935E-4,51,100,3],"52":[0.04,1.2141076626209761,0.16584219863069835,4.000000000000003E-4,4.923659639173314E-4,52,100,3],"53":[0.041,1.1865816104363234,0.18461126848179304,4.100000000000003E-4,4.943110704237105E-4,53,100,3],"54":[0.042,1.1984372114924633,0.17841039627321506,4.200000000000003E-4,4.960449637488582E-4,54,100,3],"55":[0.045,1.211298609601279,0.17607513181045678,4.500000000000003E-4,4.999999999999998E-4,55,100,3],"56":[0.05,1.1906256114939826,0.18139473735679218,5.000000000000003E-4,5.59581373109678E-4,56,100,3],"57":[0.048,1.1610533584379987,0.16789998939200537,4.8000000000000034E-4,5.021167315686784E-4,57,100,3],"58":[0.05,1.1776093288552048,0.17236761518343244,5.000000000000003E-4,5.025189076296058E-4,58,100,3],"59":[0.051,1.1904215179387012,0.15104894420880335,5.100000000000004E-4,5.024183937956919E-4,59,100,3],"60":[0.065,1.2074188428440056,0.16755214756264397,6.500000000000004E-4,6.256309946079568E-4,60,100,3],"61":[0.057,1.200881835971642,0.15534950380299445,5.700000000000004E-4,4.975698519562429E-4,61,100,3],"62":[0.059,1.164811278996446,0.13376294367105956,5.900000000000005E-4,4.943110704237104E-4,62,100,3],"63":[0.061,1.1799108262699614,0.17460941213598186,6.100000000000005E-4,4.902071300001969E-4,63,100,3],"64":[0.067,1.190259896363758,0.14870158320382726,6.700000000000005E-4,6.521913333934569E-4,64,100,3],"65":[0.066,1.2018247248399363,0.1900729749077,6.600000000000004E-4,4.760952285695231E-4,65,100,3],"66":[0.068,1.2053714860733822,0.1505137406300911,6.800000000000005E-4,4.6882617226215093E-4,66,100,3],"67":[0.07,1.191728462688765,0.14872960530879922,7.000000000000005E-4,4.605661864718384E-4,67,100,3],"68":[0.073,1.2044418979053182,0.12861202831664242,7.300000000000005E-4,5.096047190685833E-4,68,100,3],"69":[0.074,1.2058637973985744,0.15690267070079209,7.400000000000005E-4,4.408440022768079E-4,69,100,3],"70":[0.077,1.1877786434077329,0.15691419822791006,7.700000000000005E-4,4.2295258468165063E-4,70,100,3],"71":[0.083,1.2003191068623202,0.14999457755586296,8.300000000000006E-4,5.135536717202721E-4,71,100,3],"72":[0.081,1.2145898285278116,0.1578435398296949,8.100000000000006E-4,3.9427724440366235E-4,72,100,3],"73":[0.086,1.1836816830530414,0.13097956525946694,8.600000000000006E-4,4.2687494916218997E-4,73,100,3],"74":[0.086,1.1888009686577279,0.13149169617251158,8.600000000000006E-4,3.4873508801977737E-4,74,100,3],"75":[0.088,1.174020480158042,0.15407406183147734,8.800000000000007E-4,3.265986323710904E-4,75,100,3],"76":[0.092,1.1707623796259263,0.1330039125304643,9.200000000000007E-4,3.673547263198E-4,76,100,3],"77":[0.091,1.18874028260253,0.1400002972682341,9.100000000000007E-4,2.8762349126466136E-4,77,100,3],"78":[0.099,1.1704758513443523,0.1440804228715304,9.900000000000006E-4,3.8911970062455273E-4,78,100,3],"79":[0.098,1.2163791517521902,0.15191656764865244,9.800000000000008E-4,2.453609997575415E-4,79,100,3],"80":[0.114,1.1924939745306995,0.14492557514517923,0.0011400000000000008,4.2687494916218916E-4,80,100,3],"81":[0.102,1.1603042819195561,0.1286477569841929,0.0010200000000000007,2.0E-4,81,100,3],"82":[0.107,1.1708272162075957,0.12523889542510608,0.0010700000000000009,2.931886695621025E-4,82,100,3],"83":[0.108,1.174896879790285,0.11559647051987723,0.0010800000000000009,3.673547263197998E-4,83,100,3],"84":[0.112,1.1802921123297843,0.12732697778211088,0.0011200000000000008,3.2659863237109016E-4,84,100,3],